id,version_group_id,pokeapi_item_id,name,display_name_en,cost,sprite_url,created_at,updated_at
1,1,190,bright-powder,Bright Powder,4000,https://raw.githubusercontent.com/PokeAPI/sprites/master/sprites/items/bright-powder.png,2026-03-24 02:18:16,2026-03-24 02:18:16
2,1,191,white-herb,White Herb,4000,https://raw.githubusercontent.com/PokeAPI/sprites/master/sprites/items/white-herb.png,2026-03-24 02:18:16,2026-03-24 02:18:16
3,1,194,quick-claw,Quick Claw,4000,https://raw.githubusercontent.com/PokeAPI/sprites/master/sprites/items/quick-claw.png,2026-03-24 02:18:16,2026-03-24 02:18:16
4,1,196,mental-herb,Mental Herb,4000,https://raw.githubusercontent.com/PokeAPI/sprites/master/sprites/items/mental-herb.png,2026-03-24 02:18:16,2026-03-24 02:18:16
5,1,198,kings-rock,King’s Rock,5000,https://raw.githubusercontent.com/PokeAPI/sprites/master/sprites/items/kings-rock.png,2026-03-24 02:18:16,2026-03-24 02:18:16
6,1,205,smoke-ball,Smoke Ball,4000,https://raw.githubusercontent.com/PokeAPI/sprites/master/sprites/items/smoke-ball.png,2026-03-24 02:18:16,2026-03-24 02:18:16
7,1,207,focus-band,Focus Band,4000,https://raw.githubusercontent.com/PokeAPI/sprites/master/sprites/items/focus-band.png,2026-03-24 02:18:16,2026-03-24 02:18:16
8,1,209,scope-lens,Scope Lens,4000,https://raw.githubusercontent.com/PokeAPI/sprites/master/sprites/items/scope-lens.png,2026-03-24 02:18:17,2026-03-24 02:18:17
9,1,211,leftovers,Leftovers,4000,https://raw.githubusercontent.com/PokeAPI/sprites/master/sprites/items/leftovers.png,2026-03-24 02:18:17,2026-03-24 02:18:17
10,1,230,shell-bell,Shell Bell,4000,https://raw.githubusercontent.com/PokeAPI/sprites/master/sprites/items/shell-bell.png,2026-03-24 02:18:17,2026-03-24 02:18:17
11,1,232,lax-incense,Lax Incense,5000,https://raw.githubusercontent.com/PokeAPI/sprites/master/sprites/items/lax-incense.png,2026-03-24 02:18:17,2026-03-24 02:18:17
12,1,242,wide-lens,Wide Lens,4000,https://raw.githubusercontent.com/PokeAPI/sprites/master/sprites/items/wide-lens.png,2026-03-24 02:18:17,2026-03-24 02:18:17
13,1,243,muscle-band,Muscle Band,4000,https://raw.githubusercontent.com/PokeAPI/sprites/master/sprites/items/muscle-band.png,2026-03-24 02:18:17,2026-03-24 02:18:17
14,1,244,wise-glasses,Wise Glasses,4000,https://raw.githubusercontent.com/PokeAPI/sprites/master/sprites/items/wise-glasses.png,2026-03-24 02:18:17,2026-03-24 02:18:17
15,1,245,expert-belt,Expert Belt,4000,https://raw.githubusercontent.com/PokeAPI/sprites/master/sprites/items/expert-belt.png,2026-03-24 02:18:17,2026-03-24 02:18:17
16,1,246,light-clay,Light Clay,4000,https://raw.githubusercontent.com/PokeAPI/sprites/master/sprites/items/light-clay.png,2026-03-24 02:18:18,2026-03-24 02:18:18
17,1,247,life-orb,Life Orb,4000,https://raw.githubusercontent.com/PokeAPI/sprites/master/sprites/items/life-orb.png,2026-03-24 02:18:18,2026-03-24 02:18:18
18,1,248,power-herb,Power Herb,4000,https://raw.githubusercontent.com/PokeAPI/sprites/master/sprites/items/power-herb.png,2026-03-24 02:18:18,2026-03-24 02:18:18
19,1,252,focus-sash,Focus Sash,4000,https://raw.githubusercontent.com/PokeAPI/sprites/master/sprites/items/focus-sash.png,2026-03-24 02:18:18,2026-03-24 02:18:18
20,1,253,zoom-lens,Zoom Lens,4000,https://raw.githubusercontent.com/PokeAPI/sprites/master/sprites/items/zoom-lens.png,2026-03-24 02:18:18,2026-03-24 02:18:18
21,1,254,metronome,Metronome,4000,https://raw.githubusercontent.com/PokeAPI/sprites/master/sprites/items/metronome.png,2026-03-24 02:18:18,2026-03-24 02:18:18
22,1,257,destiny-knot,Destiny Knot,4000,https://raw.githubusercontent.com/PokeAPI/sprites/master/sprites/items/destiny-knot.png,2026-03-24 02:18:18,2026-03-24 02:18:18
23,1,258,black-sludge,Black Sludge,4000,https://raw.githubusercontent.com/PokeAPI/sprites/master/sprites/items/black-sludge.png,2026-03-24 02:18:18,2026-03-24 02:18:18
24,1,259,icy-rock,Icy Rock,4000,https://raw.githubusercontent.com/PokeAPI/sprites/master/sprites/items/icy-rock.png,2026-03-24 02:18:19,2026-03-24 02:18:19
25,1,260,smooth-rock,Smooth Rock,4000,https://raw.githubusercontent.com/PokeAPI/sprites/master/sprites/items/smooth-rock.png,2026-03-24 02:18:19,2026-03-24 02:18:19
26,1,261,heat-rock,Heat Rock,4000,https://raw.githubusercontent.com/PokeAPI/sprites/master/sprites/items/heat-rock.png,2026-03-24 02:18:19,2026-03-24 02:18:19
27,1,262,damp-rock,Damp Rock,4000,https://raw.githubusercontent.com/PokeAPI/sprites/master/sprites/items/damp-rock.png,2026-03-24 02:18:19,2026-03-24 02:18:19
28,1,263,grip-claw,Grip Claw,4000,https://raw.githubusercontent.com/PokeAPI/sprites/master/sprites/items/grip-claw.png,2026-03-24 02:18:19,2026-03-24 02:18:19
29,1,272,shed-shell,Shed Shell,4000,https://raw.githubusercontent.com/PokeAPI/sprites/master/sprites/items/shed-shell.png,2026-03-24 02:18:19,2026-03-24 02:18:19
30,1,273,big-root,Big Root,4000,https://raw.githubusercontent.com/PokeAPI/sprites/master/sprites/items/big-root.png,2026-03-24 02:18:19,2026-03-24 02:18:19
31,1,303,razor-claw,Razor Claw,5000,https://raw.githubusercontent.com/PokeAPI/sprites/master/sprites/items/razor-claw.png,2026-03-24 02:18:20,2026-03-24 02:18:20
32,1,304,razor-fang,Razor Fang,5000,https://raw.githubusercontent.com/PokeAPI/sprites/master/sprites/items/razor-fang.png,2026-03-24 02:18:20,2026-03-24 02:18:20
33,1,581,eviolite,Eviolite,4000,https://raw.githubusercontent.com/PokeAPI/sprites/master/sprites/items/eviolite.png,2026-03-24 02:18:20,2026-03-24 02:18:20
34,1,582,float-stone,Float Stone,4000,https://raw.githubusercontent.com/PokeAPI/sprites/master/sprites/items/float-stone.png,2026-03-24 02:18:20,2026-03-24 02:18:20
35,1,583,rocky-helmet,Rocky Helmet,4000,https://raw.githubusercontent.com/PokeAPI/sprites/master/sprites/items/rocky-helmet.png,2026-03-24 02:18:20,2026-03-24 02:18:20
36,1,584,air-balloon,Air Balloon,4000,https://raw.githubusercontent.com/PokeAPI/sprites/master/sprites/items/air-balloon.png,2026-03-24 02:18:20,2026-03-24 02:18:20
37,1,585,red-card,Red Card,4000,https://raw.githubusercontent.com/PokeAPI/sprites/master/sprites/items/red-card.png,2026-03-24 02:18:20,2026-03-24 02:18:20
38,1,586,ring-target,Ring Target,4000,https://raw.githubusercontent.com/PokeAPI/sprites/master/sprites/items/ring-target.png,2026-03-24 02:18:20,2026-03-24 02:18:20
39,1,587,binding-band,Binding Band,4000,https://raw.githubusercontent.com/PokeAPI/sprites/master/sprites/items/binding-band.png,2026-03-24 02:18:21,2026-03-24 02:18:21
40,1,588,absorb-bulb,Absorb Bulb,4000,https://raw.githubusercontent.com/PokeAPI/sprites/master/sprites/items/absorb-bulb.png,2026-03-24 02:18:21,2026-03-24 02:18:21
41,1,589,cell-battery,Cell Battery,4000,https://raw.githubusercontent.com/PokeAPI/sprites/master/sprites/items/cell-battery.png,2026-03-24 02:18:21,2026-03-24 02:18:21
42,1,590,eject-button,Eject Button,4000,https://raw.githubusercontent.com/PokeAPI/sprites/master/sprites/items/eject-button.png,2026-03-24 02:18:21,2026-03-24 02:18:21
43,1,616,pass-orb,Pass Orb,200,https://raw.githubusercontent.com/PokeAPI/sprites/master/sprites/items/pass-orb.png,2026-03-24 02:18:21,2026-03-24 02:18:21
44,1,682,weakness-policy,Weakness Policy,1000,https://raw.githubusercontent.com/PokeAPI/sprites/master/sprites/items/weakness-policy.png,2026-03-24 02:18:21,2026-03-24 02:18:21
45,1,683,assault-vest,Assault Vest,1000,https://raw.githubusercontent.com/PokeAPI/sprites/master/sprites/items/assault-vest.png,2026-03-24 02:18:21,2026-03-24 02:18:21
46,1,688,luminous-moss,Luminous Moss,4000,https://raw.githubusercontent.com/PokeAPI/sprites/master/sprites/items/luminous-moss.png,2026-03-24 02:18:21,2026-03-24 02:18:21
47,1,689,snowball,Snowball,4000,https://raw.githubusercontent.com/PokeAPI/sprites/master/sprites/items/snowball.png,2026-03-24 02:18:22,2026-03-24 02:18:22
48,1,690,safety-goggles,Safety Goggles,4000,https://raw.githubusercontent.com/PokeAPI/sprites/master/sprites/items/safety-goggles.png,2026-03-24 02:18:22,2026-03-24 02:18:22
49,1,883,adrenaline-orb,Adrenaline Orb,4000,https://raw.githubusercontent.com/PokeAPI/sprites/master/sprites/items/adrenaline-orb.png,2026-03-24 02:18:22,2026-03-24 02:18:22
50,1,896,terrain-extender,Terrain Extender,4000,https://raw.githubusercontent.com/PokeAPI/sprites/master/sprites/items/terrain-extender.png,2026-03-24 02:18:22,2026-03-24 02:18:22
51,1,897,protective-pads,Protective Pads,4000,https://raw.githubusercontent.com/PokeAPI/sprites/master/sprites/items/protective-pads.png,2026-03-24 02:18:22,2026-03-24 02:18:22
52,1,898,electric-seed,Electric Seed,4000,https://raw.githubusercontent.com/PokeAPI/sprites/master/sprites/items/electric-seed.png,2026-03-24 02:18:22,2026-03-24 02:18:22
53,1,899,psychic-seed,Psychic Seed,4000,https://raw.githubusercontent.com/PokeAPI/sprites/master/sprites/items/psychic-seed.png,2026-03-24 02:18:22,2026-03-24 02:18:22
54,1,900,misty-seed,Misty Seed,4000,https://raw.githubusercontent.com/PokeAPI/sprites/master/sprites/items/misty-seed.png,2026-03-24 02:18:23,2026-03-24 02:18:23
55,1,901,grassy-seed,Grassy Seed,4000,https://raw.githubusercontent.com/PokeAPI/sprites/master/sprites/items/grassy-seed.png,2026-03-24 02:18:23,2026-03-24 02:18:23
56,1,1176,throat-spray,Throat Spray,4000,,2026-03-24 02:18:23,2026-03-24 02:18:23
57,1,1177,eject-pack,Eject Pack,4000,,2026-03-24 02:18:23,2026-03-24 02:18:23
58,1,1178,heavy-duty-boots,Heavy-Duty Boots,4000,,2026-03-24 02:18:23,2026-03-24 02:18:23
59,1,1179,blunder-policy,Blunder Policy,4000,,2026-03-24 02:18:23,2026-03-24 02:18:23
60,1,1180,room-service,Room Service,4000,,2026-03-24 02:18:23,2026-03-24 02:18:23
61,1,1181,utility-umbrella,Utility Umbrella,4000,,2026-03-24 02:18:23,2026-03-24 02:18:23
62,1,1696,booster-energy,Booster Energy,0,,2026-03-24 02:18:24,2026-03-24 02:18:24
63,1,1697,ability-shield,Ability Shield,20000,,2026-03-24 02:18:24,2026-03-24 02:18:24
64,1,1698,clear-amulet,Clear Amulet,30000,,2026-03-24 02:18:24,2026-03-24 02:18:24
65,1,1699,mirror-herb,Mirror Herb,30000,,2026-03-24 02:18:24,2026-03-24 02:18:24
66,1,1700,punching-glove,Punching Glove,15000,,2026-03-24 02:18:24,2026-03-24 02:18:24
67,1,1701,covert-cloak,Covert Cloak,20000,,2026-03-24 02:18:24,2026-03-24 02:18:24
68,1,1702,loaded-dice,Loaded Dice,20000,,2026-03-24 02:18:24,2026-03-24 02:18:24
69,1,2105,fairy-feather,Fairy Feather,750,,2026-03-24 02:18:25,2026-03-24 02:18:25
70,1,2106,wellspring-mask,Wellspring Mask,0,,2026-03-24 02:18:25,2026-03-24 02:18:25
71,1,2107,hearthflame-mask,Hearthflame Mask,0,,2026-03-24 02:18:25,2026-03-24 02:18:25
72,1,2108,cornerstone-mask,Cornerstone Mask,0,,2026-03-24 02:18:25,2026-03-24 02:18:25
73,1,146,pomeg-berry,Pomeg Berry,80,https://raw.githubusercontent.com/PokeAPI/sprites/master/sprites/items/pomeg-berry.png,2026-03-24 02:18:25,2026-03-24 02:18:25
74,1,147,kelpsy-berry,Kelpsy Berry,80,https://raw.githubusercontent.com/PokeAPI/sprites/master/sprites/items/kelpsy-berry.png,2026-03-24 02:18:25,2026-03-24 02:18:25
75,1,148,qualot-berry,Qualot Berry,80,https://raw.githubusercontent.com/PokeAPI/sprites/master/sprites/items/qualot-berry.png,2026-03-24 02:18:26,2026-03-24 02:18:26
76,1,149,hondew-berry,Hondew Berry,80,https://raw.githubusercontent.com/PokeAPI/sprites/master/sprites/items/hondew-berry.png,2026-03-24 02:18:26,2026-03-24 02:18:26
77,1,150,grepa-berry,Grepa Berry,80,https://raw.githubusercontent.com/PokeAPI/sprites/master/sprites/items/grepa-berry.png,2026-03-24 02:18:26,2026-03-24 02:18:26
78,1,151,tamato-berry,Tamato Berry,80,https://raw.githubusercontent.com/PokeAPI/sprites/master/sprites/items/tamato-berry.png,2026-03-24 02:18:26,2026-03-24 02:18:26
79,1,126,cheri-berry,Cheri Berry,80,https://raw.githubusercontent.com/PokeAPI/sprites/master/sprites/items/cheri-berry.png,2026-03-24 02:18:26,2026-03-24 02:18:26
80,1,127,chesto-berry,Chesto Berry,80,https://raw.githubusercontent.com/PokeAPI/sprites/master/sprites/items/chesto-berry.png,2026-03-24 02:18:26,2026-03-24 02:18:26
81,1,128,pecha-berry,Pecha Berry,80,https://raw.githubusercontent.com/PokeAPI/sprites/master/sprites/items/pecha-berry.png,2026-03-24 02:18:26,2026-03-24 02:18:26
82,1,129,rawst-berry,Rawst Berry,80,https://raw.githubusercontent.com/PokeAPI/sprites/master/sprites/items/rawst-berry.png,2026-03-24 02:18:27,2026-03-24 02:18:27
83,1,130,aspear-berry,Aspear Berry,80,https://raw.githubusercontent.com/PokeAPI/sprites/master/sprites/items/aspear-berry.png,2026-03-24 02:18:27,2026-03-24 02:18:27
84,1,131,leppa-berry,Leppa Berry,80,https://raw.githubusercontent.com/PokeAPI/sprites/master/sprites/items/leppa-berry.png,2026-03-24 02:18:27,2026-03-24 02:18:27
85,1,132,oran-berry,Oran Berry,80,https://raw.githubusercontent.com/PokeAPI/sprites/master/sprites/items/oran-berry.png,2026-03-24 02:18:27,2026-03-24 02:18:27
86,1,133,persim-berry,Persim Berry,80,https://raw.githubusercontent.com/PokeAPI/sprites/master/sprites/items/persim-berry.png,2026-03-24 02:18:27,2026-03-24 02:18:27
87,1,134,lum-berry,Lum Berry,80,https://raw.githubusercontent.com/PokeAPI/sprites/master/sprites/items/lum-berry.png,2026-03-24 02:18:27,2026-03-24 02:18:27
88,1,135,sitrus-berry,Sitrus Berry,80,https://raw.githubusercontent.com/PokeAPI/sprites/master/sprites/items/sitrus-berry.png,2026-03-24 02:18:27,2026-03-24 02:18:27
89,1,185,enigma-berry,Enigma Berry,80,https://raw.githubusercontent.com/PokeAPI/sprites/master/sprites/items/enigma-berry.png,2026-03-24 02:18:27,2026-03-24 02:18:27
90,1,188,jaboca-berry,Jaboca Berry,80,https://raw.githubusercontent.com/PokeAPI/sprites/master/sprites/items/jaboca-berry.png,2026-03-24 02:18:28,2026-03-24 02:18:28
91,1,189,rowap-berry,Rowap Berry,80,https://raw.githubusercontent.com/PokeAPI/sprites/master/sprites/items/rowap-berry.png,2026-03-24 02:18:28,2026-03-24 02:18:28
92,1,724,kee-berry,Kee Berry,80,https://raw.githubusercontent.com/PokeAPI/sprites/master/sprites/items/kee-berry.png,2026-03-24 02:18:28,2026-03-24 02:18:28
93,1,725,maranga-berry,Maranga Berry,80,https://raw.githubusercontent.com/PokeAPI/sprites/master/sprites/items/maranga-berry.png,2026-03-24 02:18:28,2026-03-24 02:18:28
94,1,178,liechi-berry,Liechi Berry,80,https://raw.githubusercontent.com/PokeAPI/sprites/master/sprites/items/liechi-berry.png,2026-03-24 02:18:28,2026-03-24 02:18:28
95,1,179,ganlon-berry,Ganlon Berry,80,https://raw.githubusercontent.com/PokeAPI/sprites/master/sprites/items/ganlon-berry.png,2026-03-24 02:18:28,2026-03-24 02:18:28
96,1,180,salac-berry,Salac Berry,80,https://raw.githubusercontent.com/PokeAPI/sprites/master/sprites/items/salac-berry.png,2026-03-24 02:18:28,2026-03-24 02:18:28
97,1,181,petaya-berry,Petaya Berry,80,https://raw.githubusercontent.com/PokeAPI/sprites/master/sprites/items/petaya-berry.png,2026-03-24 02:18:29,2026-03-24 02:18:29
98,1,182,apicot-berry,Apicot Berry,80,https://raw.githubusercontent.com/PokeAPI/sprites/master/sprites/items/apicot-berry.png,2026-03-24 02:18:29,2026-03-24 02:18:29
99,1,183,lansat-berry,Lansat Berry,80,https://raw.githubusercontent.com/PokeAPI/sprites/master/sprites/items/lansat-berry.png,2026-03-24 02:18:29,2026-03-24 02:18:29
100,1,184,starf-berry,Starf Berry,80,https://raw.githubusercontent.com/PokeAPI/sprites/master/sprites/items/starf-berry.png,2026-03-24 02:18:29,2026-03-24 02:18:29
101,1,186,micle-berry,Micle Berry,80,https://raw.githubusercontent.com/PokeAPI/sprites/master/sprites/items/micle-berry.png,2026-03-24 02:18:29,2026-03-24 02:18:29
102,1,187,custap-berry,Custap Berry,80,https://raw.githubusercontent.com/PokeAPI/sprites/master/sprites/items/custap-berry.png,2026-03-24 02:18:29,2026-03-24 02:18:29
103,1,136,figy-berry,Figy Berry,80,https://raw.githubusercontent.com/PokeAPI/sprites/master/sprites/items/figy-berry.png,2026-03-24 02:18:29,2026-03-24 02:18:29
104,1,137,wiki-berry,Wiki Berry,80,https://raw.githubusercontent.com/PokeAPI/sprites/master/sprites/items/wiki-berry.png,2026-03-24 02:18:30,2026-03-24 02:18:30
105,1,138,mago-berry,Mago Berry,80,https://raw.githubusercontent.com/PokeAPI/sprites/master/sprites/items/mago-berry.png,2026-03-24 02:18:30,2026-03-24 02:18:30
106,1,139,aguav-berry,Aguav Berry,80,https://raw.githubusercontent.com/PokeAPI/sprites/master/sprites/items/aguav-berry.png,2026-03-24 02:18:30,2026-03-24 02:18:30
107,1,140,iapapa-berry,Iapapa Berry,80,https://raw.githubusercontent.com/PokeAPI/sprites/master/sprites/items/iapapa-berry.png,2026-03-24 02:18:30,2026-03-24 02:18:30
108,1,161,occa-berry,Occa Berry,80,https://raw.githubusercontent.com/PokeAPI/sprites/master/sprites/items/occa-berry.png,2026-03-24 02:18:30,2026-03-24 02:18:30
109,1,162,passho-berry,Passho Berry,80,https://raw.githubusercontent.com/PokeAPI/sprites/master/sprites/items/passho-berry.png,2026-03-24 02:18:30,2026-03-24 02:18:30
110,1,163,wacan-berry,Wacan Berry,80,https://raw.githubusercontent.com/PokeAPI/sprites/master/sprites/items/wacan-berry.png,2026-03-24 02:18:30,2026-03-24 02:18:30
111,1,164,rindo-berry,Rindo Berry,80,https://raw.githubusercontent.com/PokeAPI/sprites/master/sprites/items/rindo-berry.png,2026-03-24 02:18:31,2026-03-24 02:18:31
112,1,165,yache-berry,Yache Berry,80,https://raw.githubusercontent.com/PokeAPI/sprites/master/sprites/items/yache-berry.png,2026-03-24 02:18:31,2026-03-24 02:18:31
113,1,166,chople-berry,Chople Berry,80,https://raw.githubusercontent.com/PokeAPI/sprites/master/sprites/items/chople-berry.png,2026-03-24 02:18:31,2026-03-24 02:18:31
114,1,167,kebia-berry,Kebia Berry,80,https://raw.githubusercontent.com/PokeAPI/sprites/master/sprites/items/kebia-berry.png,2026-03-24 02:18:31,2026-03-24 02:18:31
115,1,168,shuca-berry,Shuca Berry,80,https://raw.githubusercontent.com/PokeAPI/sprites/master/sprites/items/shuca-berry.png,2026-03-24 02:18:31,2026-03-24 02:18:31
116,1,169,coba-berry,Coba Berry,80,https://raw.githubusercontent.com/PokeAPI/sprites/master/sprites/items/coba-berry.png,2026-03-24 02:18:31,2026-03-24 02:18:31
117,1,170,payapa-berry,Payapa Berry,80,https://raw.githubusercontent.com/PokeAPI/sprites/master/sprites/items/payapa-berry.png,2026-03-24 02:18:31,2026-03-24 02:18:31
118,1,171,tanga-berry,Tanga Berry,80,https://raw.githubusercontent.com/PokeAPI/sprites/master/sprites/items/tanga-berry.png,2026-03-24 02:18:31,2026-03-24 02:18:31
119,1,172,charti-berry,Charti Berry,80,https://raw.githubusercontent.com/PokeAPI/sprites/master/sprites/items/charti-berry.png,2026-03-24 02:18:32,2026-03-24 02:18:32
120,1,173,kasib-berry,Kasib Berry,80,https://raw.githubusercontent.com/PokeAPI/sprites/master/sprites/items/kasib-berry.png,2026-03-24 02:18:32,2026-03-24 02:18:32
121,1,174,haban-berry,Haban Berry,80,https://raw.githubusercontent.com/PokeAPI/sprites/master/sprites/items/haban-berry.png,2026-03-24 02:18:32,2026-03-24 02:18:32
122,1,175,colbur-berry,Colbur Berry,80,https://raw.githubusercontent.com/PokeAPI/sprites/master/sprites/items/colbur-berry.png,2026-03-24 02:18:32,2026-03-24 02:18:32
123,1,176,babiri-berry,Babiri Berry,80,https://raw.githubusercontent.com/PokeAPI/sprites/master/sprites/items/babiri-berry.png,2026-03-24 02:18:32,2026-03-24 02:18:32
124,1,177,chilan-berry,Chilan Berry,80,https://raw.githubusercontent.com/PokeAPI/sprites/master/sprites/items/chilan-berry.png,2026-03-24 02:18:32,2026-03-24 02:18:32
125,1,723,roseli-berry,Roseli Berry,80,https://raw.githubusercontent.com/PokeAPI/sprites/master/sprites/items/roseli-berry.png,2026-03-24 02:18:32,2026-03-24 02:18:32
126,1,141,razz-berry,Razz Berry,200,https://raw.githubusercontent.com/PokeAPI/sprites/master/sprites/items/razz-berry.png,2026-03-24 02:18:32,2026-03-24 02:18:32
127,1,142,bluk-berry,Bluk Berry,20,https://raw.githubusercontent.com/PokeAPI/sprites/master/sprites/items/bluk-berry.png,2026-03-24 02:18:33,2026-03-24 02:18:33
128,1,143,nanab-berry,Nanab Berry,200,https://raw.githubusercontent.com/PokeAPI/sprites/master/sprites/items/nanab-berry.png,2026-03-24 02:18:33,2026-03-24 02:18:33
129,1,144,wepear-berry,Wepear Berry,20,https://raw.githubusercontent.com/PokeAPI/sprites/master/sprites/items/wepear-berry.png,2026-03-24 02:18:33,2026-03-24 02:18:33
130,1,145,pinap-berry,Pinap Berry,200,https://raw.githubusercontent.com/PokeAPI/sprites/master/sprites/items/pinap-berry.png,2026-03-24 02:18:33,2026-03-24 02:18:33
131,1,152,cornn-berry,Cornn Berry,20,https://raw.githubusercontent.com/PokeAPI/sprites/master/sprites/items/cornn-berry.png,2026-03-24 02:18:33,2026-03-24 02:18:33
132,1,153,magost-berry,Magost Berry,20,https://raw.githubusercontent.com/PokeAPI/sprites/master/sprites/items/magost-berry.png,2026-03-24 02:18:33,2026-03-24 02:18:33
133,1,154,rabuta-berry,Rabuta Berry,20,https://raw.githubusercontent.com/PokeAPI/sprites/master/sprites/items/rabuta-berry.png,2026-03-24 02:18:33,2026-03-24 02:18:33
134,1,155,nomel-berry,Nomel Berry,20,https://raw.githubusercontent.com/PokeAPI/sprites/master/sprites/items/nomel-berry.png,2026-03-24 02:18:34,2026-03-24 02:18:34
135,1,156,spelon-berry,Spelon Berry,20,https://raw.githubusercontent.com/PokeAPI/sprites/master/sprites/items/spelon-berry.png,2026-03-24 02:18:34,2026-03-24 02:18:34
136,1,157,pamtre-berry,Pamtre Berry,20,https://raw.githubusercontent.com/PokeAPI/sprites/master/sprites/items/pamtre-berry.png,2026-03-24 02:18:34,2026-03-24 02:18:34
137,1,158,watmel-berry,Watmel Berry,20,https://raw.githubusercontent.com/PokeAPI/sprites/master/sprites/items/watmel-berry.png,2026-03-24 02:18:34,2026-03-24 02:18:34
138,1,159,durin-berry,Durin Berry,20,https://raw.githubusercontent.com/PokeAPI/sprites/master/sprites/items/durin-berry.png,2026-03-24 02:18:34,2026-03-24 02:18:34
139,1,160,belue-berry,Belue Berry,20,https://raw.githubusercontent.com/PokeAPI/sprites/master/sprites/items/belue-berry.png,2026-03-24 02:18:34,2026-03-24 02:18:34
140,1,1014,silver-razz-berry,Silver Razz Berry,1000,,2026-03-24 02:18:34,2026-03-24 02:18:34
141,1,1015,golden-razz-berry,Golden Razz Berry,5000,,2026-03-24 02:18:35,2026-03-24 02:18:35
142,1,1016,silver-nanab-berry,Silver Nanab Berry,1000,,2026-03-24 02:18:35,2026-03-24 02:18:35
143,1,1017,golden-nanab-berry,Golden Nanab Berry,5000,,2026-03-24 02:18:35,2026-03-24 02:18:35
144,1,1018,silver-pinap-berry,Silver Pinap Berry,1000,,2026-03-24 02:18:35,2026-03-24 02:18:35
145,1,1019,golden-pinap-berry,Golden Pinap Berry,5000,,2026-03-24 02:18:35,2026-03-24 02:18:35
146,1,197,choice-band,Choice Band,4000,https://raw.githubusercontent.com/PokeAPI/sprites/master/sprites/items/choice-band.png,2026-03-24 02:18:35,2026-03-24 02:18:35
147,1,264,choice-scarf,Choice Scarf,4000,https://raw.githubusercontent.com/PokeAPI/sprites/master/sprites/items/choice-scarf.png,2026-03-24 02:18:35,2026-03-24 02:18:35
148,1,274,choice-specs,Choice Specs,4000,https://raw.githubusercontent.com/PokeAPI/sprites/master/sprites/items/choice-specs.png,2026-03-24 02:18:35,2026-03-24 02:18:35
149,1,249,toxic-orb,Toxic Orb,4000,https://raw.githubusercontent.com/PokeAPI/sprites/master/sprites/items/toxic-orb.png,2026-03-24 02:18:36,2026-03-24 02:18:36
150,1,250,flame-orb,Flame Orb,4000,https://raw.githubusercontent.com/PokeAPI/sprites/master/sprites/items/flame-orb.png,2026-03-24 02:18:36,2026-03-24 02:18:36
151,1,255,iron-ball,Iron Ball,4000,https://raw.githubusercontent.com/PokeAPI/sprites/master/sprites/items/iron-ball.png,2026-03-24 02:18:36,2026-03-24 02:18:36
152,1,256,lagging-tail,Lagging Tail,4000,https://raw.githubusercontent.com/PokeAPI/sprites/master/sprites/items/lagging-tail.png,2026-03-24 02:18:36,2026-03-24 02:18:36
153,1,265,sticky-barb,Sticky Barb,4000,https://raw.githubusercontent.com/PokeAPI/sprites/master/sprites/items/sticky-barb.png,2026-03-24 02:18:36,2026-03-24 02:18:36
154,1,293,full-incense,Full Incense,5000,https://raw.githubusercontent.com/PokeAPI/sprites/master/sprites/items/full-incense.png,2026-03-24 02:18:36,2026-03-24 02:18:36
155,1,275,flame-plate,Flame Plate,1000,https://raw.githubusercontent.com/PokeAPI/sprites/master/sprites/items/flame-plate.png,2026-03-24 02:18:36,2026-03-24 02:18:36
156,1,276,splash-plate,Splash Plate,1000,https://raw.githubusercontent.com/PokeAPI/sprites/master/sprites/items/splash-plate.png,2026-03-24 02:18:37,2026-03-24 02:18:37
157,1,277,zap-plate,Zap Plate,1000,https://raw.githubusercontent.com/PokeAPI/sprites/master/sprites/items/zap-plate.png,2026-03-24 02:18:37,2026-03-24 02:18:37
158,1,278,meadow-plate,Meadow Plate,1000,https://raw.githubusercontent.com/PokeAPI/sprites/master/sprites/items/meadow-plate.png,2026-03-24 02:18:37,2026-03-24 02:18:37
159,1,279,icicle-plate,Icicle Plate,1000,https://raw.githubusercontent.com/PokeAPI/sprites/master/sprites/items/icicle-plate.png,2026-03-24 02:18:37,2026-03-24 02:18:37
160,1,280,fist-plate,Fist Plate,1000,https://raw.githubusercontent.com/PokeAPI/sprites/master/sprites/items/fist-plate.png,2026-03-24 02:18:37,2026-03-24 02:18:37
161,1,281,toxic-plate,Toxic Plate,1000,https://raw.githubusercontent.com/PokeAPI/sprites/master/sprites/items/toxic-plate.png,2026-03-24 02:18:37,2026-03-24 02:18:37
162,1,282,earth-plate,Earth Plate,1000,https://raw.githubusercontent.com/PokeAPI/sprites/master/sprites/items/earth-plate.png,2026-03-24 02:18:37,2026-03-24 02:18:37
163,1,283,sky-plate,Sky Plate,1000,https://raw.githubusercontent.com/PokeAPI/sprites/master/sprites/items/sky-plate.png,2026-03-24 02:18:38,2026-03-24 02:18:38
164,1,284,mind-plate,Mind Plate,1000,https://raw.githubusercontent.com/PokeAPI/sprites/master/sprites/items/mind-plate.png,2026-03-24 02:18:38,2026-03-24 02:18:38
165,1,285,insect-plate,Insect Plate,1000,https://raw.githubusercontent.com/PokeAPI/sprites/master/sprites/items/insect-plate.png,2026-03-24 02:18:38,2026-03-24 02:18:38
166,1,286,stone-plate,Stone Plate,1000,https://raw.githubusercontent.com/PokeAPI/sprites/master/sprites/items/stone-plate.png,2026-03-24 02:18:38,2026-03-24 02:18:38
167,1,287,spooky-plate,Spooky Plate,1000,https://raw.githubusercontent.com/PokeAPI/sprites/master/sprites/items/spooky-plate.png,2026-03-24 02:18:38,2026-03-24 02:18:38
168,1,288,draco-plate,Draco Plate,1000,https://raw.githubusercontent.com/PokeAPI/sprites/master/sprites/items/draco-plate.png,2026-03-24 02:18:38,2026-03-24 02:18:38
169,1,289,dread-plate,Dread Plate,1000,https://raw.githubusercontent.com/PokeAPI/sprites/master/sprites/items/dread-plate.png,2026-03-24 02:18:38,2026-03-24 02:18:38
170,1,290,iron-plate,Iron Plate,1000,https://raw.githubusercontent.com/PokeAPI/sprites/master/sprites/items/iron-plate.png,2026-03-24 02:18:38,2026-03-24 02:18:38
171,1,684,pixie-plate,Pixie Plate,1000,https://raw.githubusercontent.com/PokeAPI/sprites/master/sprites/items/pixie-plate.png,2026-03-24 02:18:39,2026-03-24 02:18:39
172,1,1662,blank-plate,Blank Plate,0,,2026-03-24 02:18:39,2026-03-24 02:18:39
173,1,1664,legend-plate,Legend Plate,0,,2026-03-24 02:18:39,2026-03-24 02:18:39
174,1,112,adamant-orb,Adamant Orb,0,https://raw.githubusercontent.com/PokeAPI/sprites/master/sprites/items/adamant-orb.png,2026-03-24 02:18:39,2026-03-24 02:18:39
175,1,113,lustrous-orb,Lustrous Orb,0,https://raw.githubusercontent.com/PokeAPI/sprites/master/sprites/items/lustrous-orb.png,2026-03-24 02:18:39,2026-03-24 02:18:39
176,1,202,soul-dew,Soul Dew,0,https://raw.githubusercontent.com/PokeAPI/sprites/master/sprites/items/soul-dew.png,2026-03-24 02:18:39,2026-03-24 02:18:39
177,1,203,deep-sea-tooth,Deep Sea Tooth,2000,https://raw.githubusercontent.com/PokeAPI/sprites/master/sprites/items/deep-sea-tooth.png,2026-03-24 02:18:39,2026-03-24 02:18:39
178,1,204,deep-sea-scale,Deep Sea Scale,2000,https://raw.githubusercontent.com/PokeAPI/sprites/master/sprites/items/deep-sea-scale.png,2026-03-24 02:18:40,2026-03-24 02:18:40
179,1,213,light-ball,Light Ball,1000,https://raw.githubusercontent.com/PokeAPI/sprites/master/sprites/items/light-ball.png,2026-03-24 02:18:40,2026-03-24 02:18:40
180,1,233,lucky-punch,Lucky Punch,1000,https://raw.githubusercontent.com/PokeAPI/sprites/master/sprites/items/lucky-punch.png,2026-03-24 02:18:40,2026-03-24 02:18:40
181,1,234,metal-powder,Metal Powder,1000,https://raw.githubusercontent.com/PokeAPI/sprites/master/sprites/items/metal-powder.png,2026-03-24 02:18:40,2026-03-24 02:18:40
182,1,235,thick-club,Thick Club,1000,https://raw.githubusercontent.com/PokeAPI/sprites/master/sprites/items/thick-club.png,2026-03-24 02:18:40,2026-03-24 02:18:40
183,1,236,stick,Leek,1000,https://raw.githubusercontent.com/PokeAPI/sprites/master/sprites/items/stick.png,2026-03-24 02:18:40,2026-03-24 02:18:40
184,1,251,quick-powder,Quick Powder,1000,https://raw.githubusercontent.com/PokeAPI/sprites/master/sprites/items/quick-powder.png,2026-03-24 02:18:40,2026-03-24 02:18:40
185,1,442,griseous-orb,Griseous Orb,0,https://raw.githubusercontent.com/PokeAPI/sprites/master/sprites/items/griseous-orb.png,2026-03-24 02:18:40,2026-03-24 02:18:40
186,1,563,douse-drive,Douse Drive,0,https://raw.githubusercontent.com/PokeAPI/sprites/master/sprites/items/douse-drive.png,2026-03-24 02:18:41,2026-03-24 02:18:41
187,1,564,shock-drive,Shock Drive,0,https://raw.githubusercontent.com/PokeAPI/sprites/master/sprites/items/shock-drive.png,2026-03-24 02:18:41,2026-03-24 02:18:41
188,1,565,burn-drive,Burn Drive,0,https://raw.githubusercontent.com/PokeAPI/sprites/master/sprites/items/burn-drive.png,2026-03-24 02:18:41,2026-03-24 02:18:41
189,1,566,chill-drive,Chill Drive,0,https://raw.githubusercontent.com/PokeAPI/sprites/master/sprites/items/chill-drive.png,2026-03-24 02:18:41,2026-03-24 02:18:41
190,1,889,red-nectar,Red Nectar,300,https://raw.githubusercontent.com/PokeAPI/sprites/master/sprites/items/red-nectar.png,2026-03-24 02:18:41,2026-03-24 02:18:41
191,1,890,yellow-nectar,Yellow Nectar,300,https://raw.githubusercontent.com/PokeAPI/sprites/master/sprites/items/yellow-nectar.png,2026-03-24 02:18:41,2026-03-24 02:18:41
192,1,891,pink-nectar,Pink Nectar,300,https://raw.githubusercontent.com/PokeAPI/sprites/master/sprites/items/pink-nectar.png,2026-03-24 02:18:41,2026-03-24 02:18:41
193,1,892,purple-nectar,Purple Nectar,300,https://raw.githubusercontent.com/PokeAPI/sprites/master/sprites/items/purple-nectar.png,2026-03-24 02:18:42,2026-03-24 02:18:42
194,1,1161,rusted-sword,Rusted Sword,0,,2026-03-24 02:18:42,2026-03-24 02:18:42
195,1,1162,rusted-shield,Rusted Shield,0,,2026-03-24 02:18:42,2026-03-24 02:18:42
196,1,199,silver-powder,Silver Powder,1000,https://raw.githubusercontent.com/PokeAPI/sprites/master/sprites/items/silver-powder.png,2026-03-24 02:18:42,2026-03-24 02:18:42
197,1,210,metal-coat,Metal Coat,2000,https://raw.githubusercontent.com/PokeAPI/sprites/master/sprites/items/metal-coat.png,2026-03-24 02:18:42,2026-03-24 02:18:42
198,1,214,soft-sand,Soft Sand,1000,https://raw.githubusercontent.com/PokeAPI/sprites/master/sprites/items/soft-sand.png,2026-03-24 02:18:42,2026-03-24 02:18:42
199,1,215,hard-stone,Hard Stone,1000,https://raw.githubusercontent.com/PokeAPI/sprites/master/sprites/items/hard-stone.png,2026-03-24 02:18:42,2026-03-24 02:18:42
200,1,216,miracle-seed,Miracle Seed,1000,https://raw.githubusercontent.com/PokeAPI/sprites/master/sprites/items/miracle-seed.png,2026-03-24 02:18:42,2026-03-24 02:18:42
201,1,217,black-glasses,Black Glasses,1000,https://raw.githubusercontent.com/PokeAPI/sprites/master/sprites/items/black-glasses.png,2026-03-24 02:18:43,2026-03-24 02:18:43
202,1,218,black-belt,Black Belt,1000,https://raw.githubusercontent.com/PokeAPI/sprites/master/sprites/items/black-belt.png,2026-03-24 02:18:43,2026-03-24 02:18:43
203,1,219,magnet,Magnet,1000,https://raw.githubusercontent.com/PokeAPI/sprites/master/sprites/items/magnet.png,2026-03-24 02:18:43,2026-03-24 02:18:43
204,1,220,mystic-water,Mystic Water,1000,https://raw.githubusercontent.com/PokeAPI/sprites/master/sprites/items/mystic-water.png,2026-03-24 02:18:43,2026-03-24 02:18:43
205,1,221,sharp-beak,Sharp Beak,1000,https://raw.githubusercontent.com/PokeAPI/sprites/master/sprites/items/sharp-beak.png,2026-03-24 02:18:43,2026-03-24 02:18:43
206,1,222,poison-barb,Poison Barb,1000,https://raw.githubusercontent.com/PokeAPI/sprites/master/sprites/items/poison-barb.png,2026-03-24 02:18:43,2026-03-24 02:18:43
207,1,223,never-melt-ice,Never-Melt Ice,1000,https://raw.githubusercontent.com/PokeAPI/sprites/master/sprites/items/never-melt-ice.png,2026-03-24 02:18:43,2026-03-24 02:18:43
208,1,224,spell-tag,Spell Tag,1000,https://raw.githubusercontent.com/PokeAPI/sprites/master/sprites/items/spell-tag.png,2026-03-24 02:18:44,2026-03-24 02:18:44
209,1,225,twisted-spoon,Twisted Spoon,1000,https://raw.githubusercontent.com/PokeAPI/sprites/master/sprites/items/twisted-spoon.png,2026-03-24 02:18:44,2026-03-24 02:18:44
210,1,226,charcoal,Charcoal,1000,https://raw.githubusercontent.com/PokeAPI/sprites/master/sprites/items/charcoal.png,2026-03-24 02:18:44,2026-03-24 02:18:44
211,1,227,dragon-fang,Dragon Fang,1000,https://raw.githubusercontent.com/PokeAPI/sprites/master/sprites/items/dragon-fang.png,2026-03-24 02:18:44,2026-03-24 02:18:44
212,1,228,silk-scarf,Silk Scarf,1000,https://raw.githubusercontent.com/PokeAPI/sprites/master/sprites/items/silk-scarf.png,2026-03-24 02:18:44,2026-03-24 02:18:44
213,1,231,sea-incense,Sea Incense,2000,https://raw.githubusercontent.com/PokeAPI/sprites/master/sprites/items/sea-incense.png,2026-03-24 02:18:44,2026-03-24 02:18:44
214,1,291,odd-incense,Odd Incense,2000,https://raw.githubusercontent.com/PokeAPI/sprites/master/sprites/items/odd-incense.png,2026-03-24 02:18:44,2026-03-24 02:18:44
215,1,292,rock-incense,Rock Incense,2000,https://raw.githubusercontent.com/PokeAPI/sprites/master/sprites/items/rock-incense.png,2026-03-24 02:18:44,2026-03-24 02:18:44
216,1,294,wave-incense,Wave Incense,2000,https://raw.githubusercontent.com/PokeAPI/sprites/master/sprites/items/wave-incense.png,2026-03-24 02:18:45,2026-03-24 02:18:45
217,1,295,rose-incense,Rose Incense,2000,https://raw.githubusercontent.com/PokeAPI/sprites/master/sprites/items/rose-incense.png,2026-03-24 02:18:45,2026-03-24 02:18:45